Hello,Hello World!
Hello,Hello World!
Hello,Hello World!
Nothing,What?
Nothing,Let's talk about something.
Hello,Hello World!
Hello,Hello World!
Hello,Hello World!
Hello,Hello World!
Hello,Hello World!
Hello,Hello World!
Hello,Hello World!
Hello,Hello how are you?
Hello,Hello how are you?
Hello,Good to see you!
Hello,Good to see you!
Hi,Hello World!
Hi,Hello World!
Hi,Hello World!
Nothing,One more time?
Nothing,What did you want to ask?
Nothing,What did you want to ask?
Time?,Is there a different way you can ask that?<br><br>You can try this from my friend Google: <a target='_blank' href='https://www.google.com/search?q=Time?'>Time?</a>
What time is this?,The time is now 12:42 PM EST
Hello,Hi!
Hello,Hello how are you?
I am fine,I don't know.<br><br>You can try this from my friend Google: <a target='_blank' href='https://www.google.com/search?q=I am fine'>I am fine</a>
What do you look lilke,"<img src=""https://i.pinimg.com/236x/ac/85/d8/ac85d8b0ca09776871feb1590fe9ca38.jpg"">"
Hello,Hello World!
hi,Hello World!
feUWAEUFILADBFGJUKHWQf,I'm not sure about that.<br><br>You can try this from my friend Google: <a target='_blank' href='https://www.google.com/search?q=feUWAEUFILADBFGJUKHWQf'>feUWAEUFILADBFGJUKHWQf</a>
hi Aisha,I'm not sure about that.<br><br>You can try this from my friend Google: <a target='_blank' href='https://www.google.com/search?q=hi Aisha'>hi Aisha</a>
hi,Hello World!
hello,Hello how are you?
i m fine,I'm not sure about that.<br><br>You can try this from my friend Google: <a target='_blank' href='https://www.google.com/search?q=i m fine'>i m fine</a>
